period,start_iso8601,end_exclusive_iso8601,valid_samples,p5_bpm,p25_bpm,p50_bpm,p75_bpm,p95_bpm
day,2026-09-09T00:00:00-03:00,2026-09-10T00:00:00-03:00,1206,51.00,56.00,72.00,79.00,100.00
day,2026-09-10T00:00:00-03:00,2026-09-11T00:00:00-03:00,1228,51.00,56.00,70.00,79.25,105.00
day,2026-09-11T00:00:00-03:00,2026-09-12T00:00:00-03:00,1224,51.00,56.00,72.00,82.00,106.00
day,2026-09-12T00:00:00-03:00,2026-09-13T00:00:00-03:00,1239,50.00,56.00,71.00,79.00,108.00
day,2026-09-13T00:00:00-03:00,2026-09-14T00:00:00-03:00,1228,51.00,57.00,72.50,84.00,111.00
day,2026-09-14T00:00:00-03:00,2026-09-15T00:00:00-03:00,1221,51.00,56.00,72.00,86.00,110.00
day,2026-09-15T00:00:00-03:00,2026-09-16T00:00:00-03:00,1231,51.00,57.00,73.00,86.00,112.50
day,2026-09-16T00:00:00-03:00,2026-09-17T00:00:00-03:00,1216,51.00,56.00,72.00,79.25,106.00
day,2026-09-17T00:00:00-03:00,2026-09-18T00:00:00-03:00,1224,51.00,57.00,73.00,81.00,108.00
day,2026-09-18T00:00:00-03:00,2026-09-19T00:00:00-03:00,1237,51.00,56.00,69.00,77.00,105.00
day,2026-09-19T00:00:00-03:00,2026-09-20T00:00:00-03:00,1235,51.00,57.00,73.00,84.00,111.00
day,2026-09-20T00:00:00-03:00,2026-09-21T00:00:00-03:00,1213,51.00,56.00,73.00,81.00,103.00
day,2026-09-21T00:00:00-03:00,2026-09-22T00:00:00-03:00,1228,52.00,57.00,72.00,80.00,106.00
day,2026-09-22T00:00:00-03:00,2026-09-23T00:00:00-03:00,1218,51.00,57.00,72.00,82.00,103.15
day,2026-09-23T00:00:00-03:00,2026-09-24T00:00:00-03:00,1233,51.00,57.00,74.00,84.00,110.00
day,2026-09-24T00:00:00-03:00,2026-09-25T00:00:00-03:00,1226,51.00,56.00,72.00,85.75,114.00
day,2026-09-25T00:00:00-03:00,2026-09-26T00:00:00-03:00,1227,51.00,56.00,71.00,82.00,108.00
day,2026-09-26T00:00:00-03:00,2026-09-27T00:00:00-03:00,1232,51.00,56.00,72.00,83.00,108.45
day,2026-09-27T00:00:00-03:00,2026-09-28T00:00:00-03:00,1239,51.00,56.00,73.00,82.00,107.00
day,2026-09-28T00:00:00-03:00,2026-09-29T00:00:00-03:00,1228,51.00,56.00,71.00,80.00,105.00
day,2026-09-29T00:00:00-03:00,2026-09-30T00:00:00-03:00,1210,50.00,55.00,69.00,78.00,95.55
day,2026-09-30T00:00:00-03:00,2026-10-01T00:00:00-03:00,1214,51.00,56.00,73.00,89.00,114.00
day,2026-10-01T00:00:00-03:00,2026-10-02T00:00:00-03:00,1225,51.00,56.00,70.00,78.00,102.00
day,2026-10-02T00:00:00-03:00,2026-10-03T00:00:00-03:00,1224,51.00,56.00,72.50,84.00,107.00
day,2026-10-03T00:00:00-03:00,2026-10-04T00:00:00-03:00,1203,51.00,57.00,72.00,80.00,103.00
day,2026-10-04T00:00:00-03:00,2026-10-05T00:00:00-03:00,1227,51.00,56.00,72.00,78.00,99.70
day,2026-10-05T00:00:00-03:00,2026-10-06T00:00:00-03:00,1228,51.00,56.00,71.00,81.00,108.00
day,2026-10-06T00:00:00-03:00,2026-10-07T00:00:00-03:00,1219,52.00,58.00,74.00,83.00,112.00
day,2026-10-07T00:00:00-03:00,2026-10-08T00:00:00-03:00,1230,50.45,55.00,70.00,82.00,107.00
day,2026-10-08T00:00:00-03:00,2026-10-09T00:00:00-03:00,1223,51.00,56.00,74.00,86.00,111.90
range,2026-09-09T00:00:00-03:00,2026-10-09T00:00:00-03:00,36736,51.00,56.00,72.00,81.00,108.00
